AAPL,AMZN,GOOGL,META,MSFT,NFLX,NVDA,TSLA
1.0,0.5143819054068381,0.5261991024515628,0.45535319470182806,0.5728098119118704,0.3892824241705717,0.43812562584034614,0.4629401307844467
0.5143819054068381,1.0,0.6139177093627997,0.6127264377900438,0.6562717040446081,0.4341535380646419,0.5020639613951533,0.41589275476399284
0.5261991024515628,0.6139177093627997,1.0,0.5302727959022215,0.5975341895448797,0.3510213891207366,0.448721145085137,0.37429324336280984
0.45535319470182806,0.6127264377900438,0.5302727959022215,1.0,0.5908017900107101,0.37959227119102096,0.4436477619043799,0.31662398710770684
0.5728098119118704,0.6562717040446081,0.5975341895448797,0.5908017900107101,1.0,0.44313878272806534,0.5829263861715711,0.36210679194943574
0.3892824241705717,0.4341535380646419,0.3510213891207366,0.37959227119102096,0.44313878272806534,1.0,0.41895896634970337,0.31334701164160905
0.43812562584034614,0.5020639613951533,0.448721145085137,0.4436477619043799,0.5829263861715711,0.41895896634970337,1.0,0.4049771345821005
0.4629401307844467,0.41589275476399284,0.37429324336280984,0.31662398710770684,0.36210679194943574,0.31334701164160905,0.4049771345821005,1.0
