,AAPL,MSFT,GOOGL,AMZN,TSLA,NVDA,META,NFLX
AAPL,1.0,0.536401944751746,0.49630485694434795,0.5999532365058642,0.490681046231126,0.432898549658385,0.5492534680180639,0.3509021764179234
MSFT,0.536401944751746,1.0,0.49721796268321555,0.6673230956899519,0.4369857945641843,0.62835073014762,0.6770739189106626,0.46226208674406416
GOOGL,0.49630485694434795,0.49721796268321555,1.0,0.5994361528051553,0.4971297597863185,0.4657769901236988,0.5168657787895931,0.3191104827633134
AMZN,0.5999532365058642,0.6673230956899519,0.5994361528051553,1.0,0.4908067922339393,0.5679145656599435,0.7297094549673514,0.43810694063913136
TSLA,0.490681046231126,0.4369857945641843,0.4971297597863185,0.4908067922339393,1.0,0.44545951734512895,0.4707117858031139,0.34565462304004785
NVDA,0.432898549658385,0.62835073014762,0.4657769901236988,0.5679145656599435,0.44545951734512895,1.0,0.568263385131111,0.4606379169905248
META,0.5492534680180639,0.6770739189106626,0.5168657787895931,0.7297094549673514,0.4707117858031139,0.568263385131111,1.0,0.4407115301156353
NFLX,0.3509021764179234,0.46226208674406416,0.3191104827633134,0.43810694063913136,0.34565462304004785,0.4606379169905248,0.4407115301156353,1.0
